,precision,recall,f1-score,support
0,0.93025283347864,0.9691189827429609,0.949288256227758,1101.0
1,0.6179775280898876,0.4074074074074074,0.49107142857142855,135.0
accuracy,0.9077669902912622,0.9077669902912622,0.9077669902912622,0.9077669902912622
macro avg,0.7741151807842638,0.6882631950751842,0.7201798423995933,1236.0
weighted avg,0.8961450938123927,0.9077669902912622,0.8992403017507318,1236.0
