,precision,recall,f1-score,support
0,0.9401251117068812,0.9554950045413261,0.9477477477477478,1101.0
1,0.5811965811965812,0.5037037037037037,0.5396825396825397,135.0
accuracy,0.9061488673139159,0.9061488673139159,0.9061488673139159,0.9061488673139159
macro avg,0.7606608464517313,0.7295993541225149,0.7437151437151437,1236.0
weighted avg,0.9009217527919212,0.9061488673139159,0.9031775187114995,1236.0
